iso3c	year	gdpc
AUT	2019	NA
AUT	2018	51461.9547804677
AUT	2017	47431.630607607
AUT	2016	45237.8050921543
AUT	2015	44178.0473777432
AUT	2014	51717.4959405515
AUT	2013	50716.7087062864
AUT	2012	48567.69528642
AUT	2011	51374.9584066934
AUT	2010	46858.0432733717
AUT	2009	47963.1794023217
AUT	2008	51708.7657541758
AUT	2007	46855.7717452095
AUT	2006	40635.2818159724
AUT	2005	38403.1338770715
AUT	2004	36821.5214680093
AUT	2003	32222.8972411655
AUT	2002	26401.7454564357
AUT	2001	24537.5142629883
AUT	2000	24564.4582948404
AUT	1999	27174.2971559775
AUT	1998	27361.8751106437
AUT	1997	26705.4785993891
AUT	1996	29809.0767730821
AUT	1995	30325.8495818396
AUT	1994	25646.7006591684
AUT	1993	24081.5278077646
AUT	1992	24880.164070125
AUT	1991	22410.9117362704
AUT	1990	21680.9896863626
AUT	1989	17468.9461918554
AUT	1988	17578.6189397397
AUT	1987	16392.7695665813
AUT	1986	13083.0726978243
AUT	1985	9172.09676880976
AUT	1984	8991.06507601017
AUT	1983	9537.40743056414
AUT	1982	9410.34722457985
AUT	1981	9385.24901832146
AUT	1980	10869.5464236099
AUT	1979	9793.76530724628
AUT	1978	8205.46892702823
AUT	1977	6810.6277286986
AUT	1976	5678.38663782273
BEL	2019	NA
BEL	2018	47518.6360388914
BEL	2017	44219.5619960117
BEL	2016	42012.0999001128
BEL	2015	40991.8081381432
BEL	2014	47700.5403601178
BEL	2013	46744.6625441516
BEL	2012	44673.1158755901
BEL	2011	47348.5250202016
BEL	2010	44141.8781415734
BEL	2009	44583.5448070814
BEL	2008	48106.892915788
BEL	2007	44262.8960009954
BEL	2006	38672.7059429767
BEL	2005	36795.9768819639
BEL	2004	35364.3753314368
BEL	2003	30587.6684093796
BEL	2002	24887.5613341833
BEL	2001	22995.1575247288
BEL	2000	23041.5347290428
BEL	1999	25244.2750474813
BEL	1998	25338.4432934904
BEL	1997	24820.9380503896
BEL	1996	27489.5551770488
BEL	1995	28413.8264387368
BEL	1994	24208.5548408211
BEL	1993	22283.9360097924
BEL	1992	23372.6191335431
BEL	1991	21041.6606401567
BEL	1990	20600.3752547608
BEL	1989	16525.0617844916
BEL	1988	16391.0938167111
BEL	1987	15135.8522679087
BEL	1986	12170.0406871135
BEL	1985	8750.8185469633
BEL	1984	8457.26877482878
BEL	1983	8846.23425844371
BEL	1982	9343.86114438601
BEL	1981	10622.8024610384
BEL	1980	12864.0025381557
BEL	1979	11810.6158754725
BEL	1978	10289.7683522401
BEL	1977	8426.94694802457
BEL	1976	7243.04736248138
BGR	2019	NA
BGR	2018	9272.62930360848
BGR	2017	8228.0115697265
BGR	2016	7469.45563823624
BGR	2015	6993.78348267387
BGR	2014	7864.76067225524
BGR	2013	7646.83986554542
BGR	2012	7378.02473005713
BGR	2011	7813.80669236432
BGR	2010	6843.26694975885
BGR	2009	6969.55855668357
BGR	2008	7261.75449200277
BGR	2007	5885.94925197955
BGR	2006	4490.20177692701
BGR	2005	3869.52945510511
BGR	2004	3363.79964421813
BGR	2003	2698.62424839705
BGR	2002	2076.83068237844
BGR	2001	1757.44377980694
BGR	2000	1609.88245178581
BGR	1999	1648.10485895626
BGR	1998	1809.68384472884
BGR	1997	1348.82756797792
BGR	1996	1457.03561893337
BGR	1995	2244.51690949043
BGR	1994	1148.4943993817
BGR	1993	1278.24717346108
BGR	1992	1211.98087810931
BGR	1991	1267.73437541485
BGR	1990	2366.52982128614
BGR	1989	2477.0208179596
BGR	1988	2511.39306259489
BGR	1987	3132.30136036246
BGR	1986	2260.4272811545
BGR	1985	1914.55064658793
BGR	1984	1963.57267618274
BGR	1983	1852.81343442802
BGR	1982	2169.00401089683
BGR	1981	2234.81481573125
BGR	1980	2238.80295786574
BGR	1979	NA
BGR	1978	NA
BGR	1977	NA
BGR	1976	NA
CYP	2019	NA
CYP	2018	28159.3016999455
CYP	2017	25760.7627043417
CYP	2016	24019.1378679236
CYP	2015	23217.4841507892
CYP	2014	27407.152861781098
CYP	2013	27942.3012696028
CYP	2012	28984.9445491789
CYP	2011	32233.6433858793
CYP	2010	30818.4799259532
CYP	2009	32105.867479829
CYP	2008	35391.0400578939
CYP	2007	31244.9280082161
CYP	2006	26729.3267457419
CYP	2005	24959.2659053822
CYP	2004	23792.617929064
CYP	2003	20252.2421378578
CYP	2002	16093.218676255
CYP	2001	14821.4455185468
CYP	2000	14388.3467029574
CYP	1999	15287.9175563814
CYP	1998	15092.8295863747
CYP	1997	14234.2494839714
CYP	1996	15139.2280305854
CYP	1995	15261.4264631702
CYP	1994	11617.6927784249
CYP	1993	10526.1417696747
CYP	1992	11310.0719239521
CYP	1991	9696.09959332362
CYP	1990	9641.57527301293
CYP	1989	8038.91424224167
CYP	1988	7645.62976711711
CYP	1987	6690.57797489323
CYP	1986	5642.63147635102
CYP	1985	4488.28700259453
CYP	1984	4258.74358947914
CYP	1983	4091.04849762666
CYP	1982	4122.78449894301
CYP	1981	4033.24047772902
CYP	1980	4232.02293870659
CYP	1979	2559.25967546587
CYP	1978	1929.40360692052
CYP	1977	1476.27154273967
CYP	1976	1157.41164807939
CZE	2019	NA
CZE	2018	23078.5734865691
CZE	2017	20379.8960396417
CZE	2016	18463.3865756564
CZE	2015	17715.6168523009
CZE	2014	19744.5586092159
CZE	2013	19916.0193873722
CZE	2012	19729.8705111763
CZE	2011	21717.4579392202
CZE	2010	19808.0710912518
CZE	2009	19741.5976279826
CZE	2008	22698.8539572605
CZE	2007	18373.6489976913
CZE	2006	15183.6360541375
CZE	2005	13346.1763898857
CZE	2004	11685.8872407234
CZE	2003	9773.11750251281
CZE	2002	8032.89661245767
CZE	2001	6609.20552986054
CZE	2000	6011.61522035701
CZE	1999	6307.69800377791
CZE	1998	6458.90450104404
CZE	1997	5996.83381043982
CZE	1996	6493.86334640108
CZE	1995	5788.15073679709
CZE	1994	4601.95231248673
CZE	1993	3931.74446274757
CZE	1992	3352.03416144651
CZE	1991	2878.71928306369
CZE	1990	3917.15984010204
CZE	1989	NA
CZE	1988	NA
CZE	1987	NA
CZE	1986	NA
CZE	1985	NA
CZE	1984	NA
CZE	1983	NA
CZE	1982	NA
CZE	1981	NA
CZE	1980	NA
CZE	1979	NA
CZE	1978	NA
CZE	1977	NA
CZE	1976	NA
DEU	2019	NA
DEU	2018	47603.0276328757
DEU	2017	44240.0441099604
DEU	2016	42098.9204453545
DEU	2015	41139.5445685533
DEU	2014	47959.9932737599
DEU	2013	46285.7640688407
DEU	2012	43858.3630551076
DEU	2011	46644.776027968
DEU	2010	41531.9341978689
DEU	2009	41485.9016495139
DEU	2008	45427.151677489
DEU	2007	41587.2128984264
DEU	2006	36323.4477421822
DEU	2005	34507.3688142332
DEU	2004	34044.0536341248
DEU	2003	30243.5765296979
DEU	2002	25077.7290759602
DEU	2001	23607.8828553922
DEU	2000	23635.9292203977
DEU	1999	26725.9152182573
DEU	1998	27289.0593603191
DEU	1997	26964.0494672673
DEU	1996	30485.8665482279
DEU	1995	31658.3493789135
DEU	1994	27076.60675014
DEU	1993	25522.6295733618
DEU	1992	26438.2303888417
DEU	1991	23357.757725073
DEU	1990	22303.9613327585
DEU	1989	17764.3764392283
DEU	1988	17931.282325738
DEU	1987	16677.5107867621
DEU	1986	13461.8310057324
DEU	1985	9429.56921260612
DEU	1984	9313.16941419653
DEU	1983	9864.3449403866
DEU	1982	9913.73764365182
DEU	1981	10209.0731131771
DEU	1980	12138.3081048011
DEU	1979	11281.0233217764
DEU	1978	9482.04284590652
DEU	1977	7682.95377600642
DEU	1976	6634.85689909309
DNK	2019	NA
DNK	2018	61350.3479093986
DNK	2017	57141.0598350413
DNK	2016	54663.9983719195
DNK	2015	53254.8560039631
DNK	2014	62548.9847332908
DNK	2013	61191.1937042028
DNK	2012	58507.5080517852
DNK	2011	61753.647131977
DNK	2010	58041.3984363385
DNK	2009	58163.2768762815
DNK	2008	64322.0635020842
DNK	2007	58487.0549677696
DNK	2006	52026.9995142723
DNK	2005	48799.8256011275
DNK	2004	46511.5983324305
DNK	2003	40458.7773986609
DNK	2002	33228.6935448819
DNK	2001	30751.654348268
DNK	2000	30743.5476816354
DNK	1999	33440.7948054204
DNK	1998	33368.142415092
DNK	1997	32835.9399398833
DNK	1996	35650.7140860994
DNK	1995	35351.365460681896
DNK	1994	29995.5796235479
DNK	1993	27597.9752286357
DNK	1992	29569.6603567112
DNK	1991	27011.3774590051
DNK	1990	26891.4464489571
DNK	1989	21901.054745944
DNK	1988	22527.0467265631
DNK	1987	21340.7278625524
DNK	1986	17201.0888129674
DNK	1985	12253.1002141785
DNK	1984	11562.919077848701
DNK	1983	11857.8921357231
DNK	1982	11804.4328880134
DNK	1981	12081.8010496077
DNK	1980	13883.8871432732
DNK	1979	13751.998948016
DNK	1978	11826.0186130503
DNK	1977	9783.85202151322
DNK	1976	8787.58972193297
EST	2019	NA
EST	2018	23266.3462718751
EST	2017	20337.8497289442
EST	2016	18237.2958432683
EST	2015	17522.230186252
EST	2014	20367.1026566799
EST	2013	19174.100729108
EST	2012	17534.4215441923
EST	2011	17624.0441399335
EST	2010	14784.3810806949
EST	2009	14794.9707926449
EST	2008	18227.1200781939
EST	2007	16741.9391245668
EST	2006	12631.5677723615
EST	2005	10406.3968759176
EST	2004	8912.99219516932
EST	2003	7206.16648010912
EST	2002	5344.8777984536
EST	2001	4509.1784599903
EST	2000	4075.97063851071
EST	1999	4144.63081737072
EST	1998	4087.50330566881
EST	1997	3678.15826423064
EST	1996	3376.79437256502
EST	1995	3130.80709364714
EST	1994	2814.83473444209
EST	1993	2681.82012187857
EST	1992	NA
EST	1991	NA
EST	1990	NA
EST	1989	NA
EST	1988	NA
EST	1987	NA
EST	1986	NA
EST	1985	NA
EST	1984	NA
EST	1983	NA
EST	1982	NA
EST	1981	NA
EST	1980	NA
EST	1979	NA
EST	1978	NA
EST	1977	NA
EST	1976	NA
ESP	2019	NA
ESP	2018	30370.8923252247
ESP	2017	28100.8522848303
ESP	2016	26505.6243284919
ESP	2015	25732.0183647454
ESP	2014	29461.5503337389
ESP	2013	29059.5479522321
ESP	2012	28324.4293363918
ESP	2011	31636.4463142558
ESP	2010	30502.7197080776
ESP	2009	32042.4740786617
ESP	2008	35366.2596011983
ESP	2007	32549.9709785513
ESP	2006	28365.3134896346
ESP	2005	26419.2968638221
ESP	2004	24861.2827964413
ESP	2003	21463.4426577449
ESP	2002	17025.5319828692
ESP	2001	15355.7031663439
ESP	2000	14713.0657111519
ESP	1999	15715.3322713275
ESP	1998	15394.3514628249
ESP	1997	14730.7971752046
ESP	1996	16109.0843985284
ESP	1995	15471.962716535
ESP	1994	13415.287013608
ESP	1993	13339.9085669964
ESP	1992	16112.1889276669
ESP	1991	14811.9028112693
ESP	1990	13804.8768037932
ESP	1989	10681.9712029257
ESP	1988	9703.123841794
ESP	1987	8239.6138155813
ESP	1986	6513.50327963098
ESP	1985	4699.65577384675
ESP	1984	4489.98895204895
ESP	1983	4478.50028865387
ESP	1982	5159.70863304073
ESP	1981	5371.16642209158
ESP	1980	6208.5780190814
ESP	1979	5770.21462719531
ESP	1978	4356.43920265176
ESP	1977	3627.59063324257
ESP	1976	3279.31264308775
FIN	2019	NA
FIN	2018	50152.3401411303
FIN	2017	46191.9311557681
FIN	2016	43777.4400888075
FIN	2015	42811.2129936435
FIN	2014	50260.2998588958
FIN	2013	49878.0432444536
FIN	2012	47710.7902169415
FIN	2011	51081.9976703127
FIN	2010	46459.9732548543
FIN	2009	47293.9928335042
FIN	2008	53554.0389224673
FIN	2007	48414.8450929722
FIN	2006	41188.0936997302
FIN	2005	39040.2888825052
FIN	2004	37702.8453762641
FIN	2003	32855.1326287803
FIN	2002	26869.6749036293
FIN	2001	24946.1891891404
FIN	2000	24285.4668205162
FIN	1999	26177.3479836441
FIN	1998	26009.2694886182
FIN	1997	24691.8728133698
FIN	1996	25783.4504878611
FIN	1995	26271.5998141691
FIN	1994	20301.333085866
FIN	1993	17608.8123902264
FIN	1992	22319.059460246
FIN	1991	25484.7392935746
FIN	1990	28364.6450765922
FIN	1989	23973.2394840041
FIN	1988	22047.7933222595
FIN	1987	18571.0599253579
FIN	1986	14951.0467852887
FIN	1985	11398.1059531509
FIN	1984	10833.8662886935
FIN	1983	10497.479996566
FIN	1982	10938.122061411
FIN	1981	10926.817966566
FIN	1980	11223.937563528
FIN	1979	9332.24519976281
FIN	1978	7628.81580540328
FIN	1977	7069.10570711858
FIN	1976	6739.69081021395
FRA	2019	NA
FRA	2018	41463.6440227034
FRA	2017	38679.1271482419
FRA	2016	36962.222290118
FRA	2015	36613.3752159613
FRA	2014	43008.6473817107
FRA	2013	42592.9340943342
FRA	2012	40874.7035053457
FRA	2011	43790.7320482019
FRA	2010	40638.33400426
FRA	2009	41575.4187483737
FRA	2008	45334.1144358246
FRA	2007	41508.4339850416
FRA	2006	36443.6234414411
FRA	2005	34760.1877663866
FRA	2004	33741.2651469175
FRA	2003	29568.385949668
FRA	2002	24177.3351674642
FRA	2001	22433.5557141945
FRA	2000	22364.0293943406
FRA	1999	24673.1989691744
FRA	1998	24974.2721990005
FRA	1997	24228.9423508964
FRA	1996	26871.8290189054
FRA	1995	26890.2198804535
FRA	1994	23496.5233222666
FRA	1993	22380.1039619355
FRA	1992	23813.7118417151
FRA	1991	21675.0642485493
FRA	1990	21793.8426479832
FRA	1989	17694.3053541732
FRA	1988	17679.996995809
FRA	1987	16302.4414011249
FRA	1986	13540.2470824157
FRA	1985	9763.32861034257
FRA	1984	9419.69764827399
FRA	1983	9993.42207408963
FRA	1982	10496.9298731656
FRA	1981	11104.9777323235
FRA	1980	12713.3612480565
FRA	1979	11179.6312730408
FRA	1978	9264.77783385334
FRA	1977	7532.5279280869
FRA	1976	6866.81828557848
GBR	2019	NA
GBR	2018	42943.9022698053
GBR	2017	40361.4173832159
GBR	2016	41074.1672796521
GBR	2015	44966.1019252665
GBR	2014	47417.6350484639
GBR	2013	43444.5648427389
GBR	2012	42462.7149069427
GBR	2011	42038.5004790349
GBR	2010	39435.8399018505
GBR	2009	38713.1374283353
GBR	2008	47286.9984928367
GBR	2007	50566.8265956828
GBR	2006	44599.6975685697
GBR	2005	42030.2866138136
GBR	2004	40290.3139710116
GBR	2003	34419.1479145952
GBR	2002	30056.5862179301
GBR	2001	27744.5064592461
GBR	2000	28149.8700107891
GBR	1999	28669.539690801
GBR	1998	28214.274355869
GBR	1997	26734.5626114537
GBR	1996	24332.6977665594
GBR	1995	23123.1777902009
GBR	1994	19709.2380983653
GBR	1993	18389.0195675099
GBR	1992	20487.1707852878
GBR	1991	19900.7266505069
GBR	1990	19095.4669984608
GBR	1989	16239.2821960944
GBR	1988	15987.1680775688
GBR	1987	13118.586534629
GBR	1986	10611.112210096
GBR	1985	8652.21654247593
GBR	1984	8179.19444064991
GBR	1983	8691.51881306514
GBR	1982	9146.07735701852
GBR	1981	9599.30622221965
GBR	1980	10032.062080015
GBR	1979	7804.76208051155
GBR	1978	5976.93816899991
GBR	1977	4681.43993173038
GBR	1976	4138.16778761535
GRC	2019	NA
GRC	2018	20324.2535641478
GRC	2017	18883.4600669282
GRC	2016	18116.4596223336
GRC	2015	18167.7737169162
GRC	2014	21760.9797994918
GRC	2013	21874.8195041667
GRC	2012	22242.681934771
GRC	2011	25916.2935289351
GRC	2010	26917.7589787254
GRC	2009	29710.9702950284
GRC	2008	31997.2820108813
GRC	2007	28827.3263555224
GRC	2006	24801.1578065035
GRC	2005	22551.735744099
GRC	2004	21955.1040911595
GRC	2003	18477.578411927
GRC	2002	14110.3133911078
GRC	2001	12538.1788278361
GRC	2000	12042.9537310995
GRC	1999	13245.1894634121
GRC	1998	13472.1376415276
GRC	1997	13427.8324937945
GRC	1996	13749.1151520996
GRC	1995	12959.3243186619
GRC	1994	11091.2838606376
GRC	1993	10401.9829861914
GRC	1992	11176.4584362517
GRC	1991	10188.3697801238
GRC	1990	9600.18512965969
GRC	1989	7846.67816401445
GRC	1988	7598.02805334994
GRC	1987	6564.88450260813
GRC	1986	5656.5053560681
GRC	1985	4813.71117991069
GRC	1984	4852.5657284733
GRC	1983	5019.87865266132
GRC	1982	5579.23477158982
GRC	1981	5380.26768284354
GRC	1980	5893.66180979161
GRC	1979	5705.94927419931
GRC	1978	4694.63368334781
GRC	1977	3886.37425270915
GRC	1976	3390.54548359296
HRV	2019	NA
HRV	2018	14909.6931860854
HRV	2017	13412.3419505426
HRV	2016	12360.47325706
HRV	2015	11782.9025486428
HRV	2014	13600.1861816146
HRV	2013	13642.19778327
HRV	2012	13238.1179547554
HRV	2011	14566.6297259084
HRV	2010	13923.6370524478
HRV	2009	14555.9876468604
HRV	2008	16309.4484223243
HRV	2007	13962.8648704525
HRV	2006	11703.3259666948
HRV	2005	10530.216009766
HRV	2004	9662.7836671978
HRV	2003	8060.26755890445
HRV	2002	6233.06254073761
HRV	2001	5391.09995581021
HRV	2000	4849.52881598807
HRV	1999	5185.59066933645
HRV	1998	5619.21771053364
HRV	1997	5260.24783316879
HRV	1996	5202.93496977252
HRV	1995	4852.23050187669
HRV	1994	NA
HRV	1993	NA
HRV	1992	NA
HRV	1991	NA
HRV	1990	NA
HRV	1989	NA
HRV	1988	NA
HRV	1987	NA
HRV	1986	NA
HRV	1985	NA
HRV	1984	NA
HRV	1983	NA
HRV	1982	NA
HRV	1981	NA
HRV	1980	NA
HRV	1979	NA
HRV	1978	NA
HRV	1977	NA
HRV	1976	NA
HUN	2019	NA
HUN	2018	16161.9805101918
HUN	2017	14457.608763614
HUN	2016	12992.375667515
HUN	2015	12651.5683423004
HUN	2014	14246.109801447
HUN	2013	13687.246101281
HUN	2012	12918.2475205388
HUN	2011	14150.9667263678
HUN	2010	13113.5259617277
HUN	2009	13046.4810081848
HUN	2008	15753.4732840195
HUN	2007	13918.9601910137
HUN	2006	11475.8227057093
HUN	2005	11200.5769496264
HUN	2004	10285.7936270098
HUN	2003	8421.10331316153
HUN	2002	6655.33300865319
HUN	2001	5276.03318905496
HUN	2000	4624.28165670295
HUN	1999	4793.47852203763
HUN	1998	4744.21226429639
HUN	1997	4596.18262235195
HUN	1996	4525.03910312241
HUN	1995	4494.70762405948
HUN	1994	4173.37302368653
HUN	1993	3873.98772321774
HUN	1992	3735.10582022067
HUN	1991	3350.25832323432
HUN	1990	NA
HUN	1989	NA
HUN	1988	NA
HUN	1987	NA
HUN	1986	NA
HUN	1985	NA
HUN	1984	NA
HUN	1983	NA
HUN	1982	NA
HUN	1981	NA
HUN	1980	NA
HUN	1979	NA
HUN	1978	NA
HUN	1977	NA
HUN	1976	NA
IRL	2019	NA
IRL	2018	78806.431996268
IRL	2017	69649.8827399743
IRL	2016	63197.0823744196
IRL	2015	61995.4227789928
IRL	2014	55492.982676213
IRL	2013	51590.1884453629
IRL	2012	48917.8975571766
IRL	2011	51848.9097301621
IRL	2010	48715.1768553933
IRL	2009	52105.1524837739
IRL	2008	61262.1005610307
IRL	2007	61359.7413812502
IRL	2006	54306.4293166897
IRL	2005	50878.2236116364
IRL	2004	47631.0106571223
IRL	2003	41106.9252651794
IRL	2002	32541.0986016666
IRL	2001	28227.7275276623
IRL	2000	26241.3646146973
IRL	1999	26284.3419750136
IRL	1998	24263.2448019694
IRL	1997	22542.8107714729
IRL	1996	20860.596992539
IRL	1995	19181.4004464832
IRL	1994	15921.9748437244
IRL	1993	14674.6145690882
IRL	1992	15733.2039761324
IRL	1991	14104.0782910741
IRL	1990	14048.1062048571
IRL	1989	11189.2005891826
IRL	1988	10728.7036758096
IRL	1987	9593.38829452966
IRL	1986	8121.88627329554
IRL	1985	6018.93506141181
IRL	1984	5698.84416121523
IRL	1983	5922.3258693183
IRL	1982	6168.01634742633
IRL	1981	5993.32293639701
IRL	1980	6380.0694786350095
IRL	1979	5436.46487499609
IRL	1978	4405.25609172698
IRL	1977	3431.1775107132
IRL	1976	2923.07966849722
ITA	2019	NA
ITA	2018	34483.2039992043
ITA	2017	32326.8417463954
ITA	2016	30936.125444977
ITA	2015	30230.2263021296
ITA	2014	35518.4152916749
ITA	2013	35549.9746972954
ITA	2012	35053.5262442572
ITA	2011	38599.0622070322
ITA	2010	36000.5201179254
ITA	2009	37079.7586704546
ITA	2008	40778.3427367209
ITA	2007	37822.6652377427
ITA	2006	33501.6581673044
ITA	2005	32043.1403684119
ITA	2004	31259.7164954309
ITA	2003	27465.6752987224
ITA	2002	22270.1441234282
ITA	2001	20483.2159949974
ITA	2000	20087.5919858794
ITA	1999	21997.6243155313
ITA	1998	22318.1373007109
ITA	1997	21829.3458226222
ITA	1996	23081.6046757702
ITA	1995	20664.5522701724
ITA	1994	19337.6309059755
ITA	1993	18738.7639034085
ITA	1992	23243.4745415513
ITA	1991	21956.5297597337
ITA	1990	20825.7842085848
ITA	1989	16386.662217067
ITA	1988	15744.6612714238
ITA	1987	14234.7286486045
ITA	1986	11315.0151653174
ITA	1985	7990.686561928
ITA	1984	7739.71527972218
ITA	1983	7832.57538904233
ITA	1982	7556.52342933626
ITA	1981	7622.83332844583
ITA	1980	8456.91898245086
ITA	1979	6990.28579430044
ITA	1978	5610.49810740757
ITA	1977	4603.59969342679
ITA	1976	4033.09936697023
LTU	2019	NA
LTU	2018	19153.4089860651
LTU	2017	16840.938567953
LTU	2016	14999.4796391329
LTU	2015	14249.1149666026
LTU	2014	16534.4819837926
LTU	2013	15705.1639858867
LTU	2012	14333.9493428112
LTU	2011	14338.6435140155
LTU	2010	11953.9384416891
LTU	2009	11837.3910271086
LTU	2008	14961.5681759187
LTU	2007	12297.9153480396
LTU	2006	9240.64254797441
LTU	2005	7863.16200865166
LTU	2004	6706.96699843928
LTU	2003	5505.5356688311
LTU	2002	4146.98792783931
LTU	2001	3530.14733731891
LTU	2000	3297.35470084107
LTU	1999	3113.54642795619
LTU	1998	3166.89564814117
LTU	1997	2830.73753338088
LTU	1996	2328.15380783134
LTU	1995	2168.79609901209
LTU	1994	NA
LTU	1993	NA
LTU	1992	NA
LTU	1991	NA
LTU	1990	NA
LTU	1989	NA
LTU	1988	NA
LTU	1987	NA
LTU	1986	NA
LTU	1985	NA
LTU	1984	NA
LTU	1983	NA
LTU	1982	NA
LTU	1981	NA
LTU	1980	NA
LTU	1979	NA
LTU	1978	NA
LTU	1977	NA
LTU	1976	NA
LUX	2019	NA
LUX	2018	116639.88804711
LUX	2017	107361.306947271
LUX	2016	104278.390971905
LUX	2015	101376.496574339
LUX	2014	118823.648368575
LUX	2013	113625.13289956
LUX	2012	106749.013622989
LUX	2011	115761.507705096
LUX	2010	104965.306078267
LUX	2009	103198.669312625
LUX	2008	114293.84332087
LUX	2007	106018.492790674
LUX	2006	89739.7116961301
LUX	2005	80289.696409954
LUX	2004	75716.3510789884
LUX	2003	65445.8850307407
LUX	2002	52930.6411522641
LUX	2001	48179.4208526047
LUX	2000	48735.995492187
LUX	1999	51654.4027951819
LUX	1998	47584.4643916109
LUX	1997	47042.3471077882
LUX	1996	52571.9349918208
LUX	1995	52831.2523660674
LUX	1994	45481.8922019757
LUX	1993	41479.0872043957
LUX	1992	40965.7443180141
LUX	1991	37007.4387468692
LUX	1990	34645.1432443401
LUX	1989	27556.3635885832
LUX	1988	26108.3439636069
LUX	1987	23234.566578981
LUX	1986	18789.6570759228
LUX	1985	12921.9584210817
LUX	1984	12554.4171841488
LUX	1983	12810.2188335898
LUX	1982	13034.8116600784
LUX	1981	14324.8919710957
LUX	1980	17113.842251689
LUX	1979	15740.2874970898
LUX	1978	13493.8525825209
LUX	1977	10855.9818571963
LUX	1976	9825.23826640452
LVA	2019	NA
LVA	2018	17860.6171980214
LVA	2017	15548.0823130571
LVA	2016	14153.4149226916
LVA	2015	13698.9379476476
LVA	2014	15740.3267490719
LVA	2013	15043.1175639591
LVA	2012	13847.7851073453
LVA	2011	13713.8553053545
LVA	2010	11344.6933695837
LVA	2009	12257.2165683051
LVA	2008	16376.9983633933
LVA	2007	14042.4624200212
LVA	2006	9663.37345136659
LVA	2005	7552.87389420335
LVA	2004	6343.14352575203
LVA	2003	5127.59357483893
LVA	2002	4125.21003421908
LVA	2001	3566.17111854204
LVA	2000	3351.23070568401
LVA	1999	3144.99112702702
LVA	1998	2965.07300683304
LVA	1997	2675.24482765197
LVA	1996	2422.25057472853
LVA	1995	2322.08701045115
LVA	1994	NA
LVA	1993	NA
LVA	1992	NA
LVA	1991	NA
LVA	1990	NA
LVA	1989	NA
LVA	1988	NA
LVA	1987	NA
LVA	1986	NA
LVA	1985	NA
LVA	1984	NA
LVA	1983	NA
LVA	1982	NA
LVA	1981	NA
LVA	1980	NA
LVA	1979	NA
LVA	1978	NA
LVA	1977	NA
LVA	1976	NA
MLT	2019	NA
MLT	2018	30098.2833099975
MLT	2017	27283.5447293274
MLT	2016	25151.5196168932
MLT	2015	24077.0108248549
MLT	2014	26012.0153054014
MLT	2013	23838.6143979371
MLT	2012	21926.8083687432
MLT	2011	22845.9048853838
MLT	2010	21107.3644349639
MLT	2009	20675.5825862064
MLT	2008	21928.7006740562
MLT	2007	19375.569601363
MLT	2006	16671.5671992638
MLT	2005	15835.3466687883
MLT	2004	15109.0549683959
MLT	2003	13689.989987991
MLT	2002	11843.9390200563
MLT	2001	11021.7863554641
MLT	2000	11039.0565074511
MLT	1999	10648.9888960115
MLT	1998	10183.6759897077
MLT	1997	9679.88285697775
MLT	1996	9397.80091834724
MLT	1995	9114.35806521342
MLT	1994	8000.51800452232
MLT	1993	7296.31014355389
MLT	1992	8220.2455176794
MLT	1991	7558.27738257485
MLT	1990	7191.92360259617
MLT	1989	6040.60986225945
MLT	1988	5814.36477130523
MLT	1987	5083.6691392063
MLT	1986	4194.65393924832
MLT	1985	3322.4212829917
MLT	1984	3332.88535682256
MLT	1983	3527.04000013994
MLT	1982	3788.05063240646
MLT	1981	3898.24303743905
MLT	1980	3948.40312614976
MLT	1979	3195.55258574769
MLT	1978	2558.74025532938
MLT	1977	2037.89733697812
MLT	1976	1726.55944845303
NLD	2019	NA
NLD	2018	53024.0592130531
NLD	2017	48554.9922761756
NLD	2016	46007.8529206547
NLD	2015	45175.2318933798
NLD	2014	52830.1742328055
NLD	2013	52184.0618504931
NLD	2012	50073.0056559308
NLD	2011	54159.3466126142
NLD	2010	50950.0343435181
NLD	2009	52514.0271165323
NLD	2008	57644.4799749353
NLD	2007	51733.4421317965
NLD	2006	44863.3506314287
NLD	2005	41979.0558457881
NLD	2004	40362.3947822685
NLD	2003	35672.2065978453
NLD	2002	29204.0398310254
NLD	2001	26873.2759335114
NLD	2000	26149.41107829
NLD	1999	28263.0967106802
NLD	1998	27885.8083823465
NLD	1997	26700.5371335926
NLD	1996	29006.8094454171
NLD	1995	29258.1343486211
NLD	1994	24646.3143017558
NLD	1993	23122.4107901443
NLD	1992	23904.0373902993
NLD	1991	21732.2308013
NLD	1990	21290.8603827045
NLD	1989	17397.6916685628
NLD	1988	17744.5013769146
NLD	1987	16709.5596773838
NLD	1986	13783.8501214809
NLD	1985	9926.12998430174
NLD	1984	9977.16021206777
NLD	1983	10680.3590477666
NLD	1982	11072.6584776218
NLD	1981	11520.4478716306
NLD	1980	13791.8622639458
NLD	1979	12798.5432066175
NLD	1978	11179.3895839736
NLD	1977	9166.80822116386
NLD	1976	7925.68806831654
POL	2019	NA
POL	2018	15420.9111634295
POL	2017	13856.9823892845
POL	2016	12431.5754242492
POL	2015	12572.3078809992
POL	2014	14347.9145754456
POL	2013	13781.0626053813
POL	2012	13145.5392627865
POL	2011	13893.509259001
POL	2010	12599.5335818707
POL	2009	11527.5932279825
POL	2008	14001.4468819804
POL	2007	11255.4366982999
POL	2006	9038.73084652356
POL	2005	8021.00365533726
POL	2004	6681.17881781198
POL	2003	5693.37776322597
POL	2002	5196.93292103894
POL	2001	4981.1986188017
POL	2000	4492.72760355938
POL	1999	4389.97641534208
POL	1998	4510.41311705999
POL	1997	4116.92624282821
POL	1996	4140.98354114142
POL	1995	3682.79121526652
POL	1994	NA
POL	1993	NA
POL	1992	NA
POL	1991	NA
POL	1990	NA
POL	1989	NA
POL	1988	NA
POL	1987	NA
POL	1986	NA
POL	1985	NA
POL	1984	NA
POL	1983	NA
POL	1982	NA
POL	1981	NA
POL	1980	NA
POL	1979	NA
POL	1978	NA
POL	1977	NA
POL	1976	NA
PRT	2019	NA
PRT	2018	23407.9065887968
PRT	2017	21437.3475036794
PRT	2016	19978.401214968
PRT	2015	19242.3664710981
PRT	2014	22074.3007634216
PRT	2013	21647.0418118869
PRT	2012	20564.8898617969
PRT	2011	23186.9131283278
PRT	2010	22498.6908586557
PRT	2009	23059.7974457294
PRT	2008	24847.545135091
PRT	2007	22782.0946224629
PRT	2006	19822.8460287336
PRT	2005	18773.1253616354
PRT	2004	18031.0004215768
PRT	2003	15762.9757897367
PRT	2002	12875.3207922585
PRT	2001	11724.6114954602
PRT	2000	11497.7534604525
PRT	1999	12471.0793640754
PRT	1998	12199.206385024
PRT	1997	11575.5071124358
PRT	1996	12185.0914010629
PRT	1995	11781.3618502221
PRT	1994	9977.31987279509
PRT	1993	9534.6563637308
PRT	1992	10810.5665676462
PRT	1991	8958.98538874788
PRT	1990	7884.61794530424
PRT	1989	6056.38105317089
PRT	1988	5623.69704152219
PRT	1987	4803.86602452833
PRT	1986	3861.9485001653
PRT	1985	2705.19294328131
PRT	1984	2522.74753100674
PRT	1983	2735.49106580047
PRT	1982	3079.94954089111
PRT	1981	3245.9751144832
PRT	1980	3368.3668334281
PRT	1979	2755.62453285973
PRT	1978	2457.31312098827
PRT	1977	2267.37122479059
PRT	1976	2173.28421777555
ROU	2019	NA
ROU	2018	12301.1864034302
ROU	2017	10807.6844848917
ROU	2016	9567.0977819133
ROU	2015	8977.49854425137
ROU	2014	10026.9735781794
ROU	2013	9555.2442173314
ROU	2012	8535.0468756267
ROU	2011	9104.99562203019
ROU	2010	8209.9194562169
ROU	2009	8548.11867218639
ROU	2008	10435.0439841037
ROU	2007	8360.16632132485
ROU	2006	5757.4964285719
ROU	2005	4617.92901643258
ROU	2004	3494.94451718304
ROU	2003	2679.41190951209
ROU	2002	2119.88267323918
ROU	2001	1825.17980455979
ROU	2000	1659.90763954548
ROU	1999	1599.88953304677
ROU	1998	1852.46730900412
ROU	1997	1577.32335708773
ROU	1996	1633.01064354117
ROU	1995	1650.27648080037
ROU	1994	1323.10432504932
ROU	1993	1158.13251591344
ROU	1992	1102.10378473246
ROU	1991	1260.74904545125
ROU	1990	1680.70562287227
ROU	1989	1817.90210089083
ROU	1988	1769.88993114409
ROU	1987	1673.83836389995
ROU	1986	NA
ROU	1985	NA
ROU	1984	NA
ROU	1983	NA
ROU	1982	NA
ROU	1981	NA
ROU	1980	NA
ROU	1979	NA
ROU	1978	NA
ROU	1977	NA
ROU	1976	NA
SWE	2019	NA
SWE	2018	54608.3602546906
SWE	2017	53744.4290321437
SWE	2016	51974.196555344
SWE	2015	51397.1917561446
SWE	2014	59843.5191685082
SWE	2013	60897.3656252518
SWE	2012	57874.2864975611
SWE	2011	60612.8788325926
SWE	2010	52817.441365794
SWE	2009	46793.9441559611
SWE	2008	55903.8998910782
SWE	2007	53341.4907726794
SWE	2006	46277.5767773402
SWE	2005	43163.9999589833
SWE	2004	42544.4104669386
SWE	2003	37090.9413658944
SWE	2002	29729.7193435303
SWE	2001	27093.0811103456
SWE	2000	29456.0686420488
SWE	1999	30740.211173941
SWE	1998	30382.6547219329
SWE	1997	30113.2539699551
SWE	1996	32774.0818408915
SWE	1995	30066.2251636804
SWE	1994	25883.0158194817
SWE	1993	24225.2998048694
SWE	1992	32532.4204711321
SWE	1991	31562.2506023967
SWE	1990	30343.1828708777
SWE	1989	25452.1079059468
SWE	1988	24333.8128934322
SWE	1987	21614.1295582712
SWE	1986	17833.7975379608
SWE	1985	13554.9586050245
SWE	1984	12991.7709401948
SWE	1983	12504.9976718694
SWE	1982	13626.4827130311
SWE	1981	15458.8141927102
SWE	1980	16957.8419674654
SWE	1979	14755.3556040673
SWE	1978	12517.186514241
SWE	1977	11354.8823584976
SWE	1976	10779.2903780852
SVN	2019	NA
SVN	2018	26123.9738694646
SVN	2017	23442.704281871
SVN	2016	21622.580683576
SVN	2015	20881.7667686947
SVN	2014	24214.9220717273
SVN	2013	23496.6023059673
SVN	2012	22643.1002515007
SVN	2011	25095.1326282071
SVN	2010	23509.5433941493
SVN	2009	24694.2305557835
SVN	2008	27483.3369524581
SVN	2007	23787.6466923136
SVN	2006	19672.9654929018
SVN	2005	18098.9087305
SVN	2004	17233.1385611279
SVN	2003	14849.0369516333
SVN	2002	11777.1555078451
SVN	2001	10479.759432707
SVN	2000	10201.3035366727
SVN	1999	11452.7827920923
SVN	1998	11175.7711014244
SVN	1997	10454.9655635051
SVN	1996	10815.1112238352
SVN	1995	10730.4509120315
SVN	1994	7564.74118401424
SVN	1993	6656.93337568165
SVN	1992	6562.01839609836
SVN	1991	6633.73828010506
SVN	1990	9107.47707941181
SVN	1989	NA
SVN	1988	NA
SVN	1987	NA
SVN	1986	NA
SVN	1985	NA
SVN	1984	NA
SVN	1983	NA
SVN	1982	NA
SVN	1981	NA
SVN	1980	NA
SVN	1979	NA
SVN	1978	NA
SVN	1977	NA
SVN	1976	NA
SVK	2019	NA
SVK	2018	19442.7057620693
SVK	2017	17510.0889889901
SVK	2016	16505.9980625369
SVK	2015	16309.073235592
SVK	2014	18670.9301711227
SVK	2013	18236.9807888867
SVK	2012	17460.0468093549
SVK	2011	18338.3622288437
SVK	2010	16727.2913264619
SVK	2009	16531.6705140706
SVK	2008	18677.2927109318
SVK	2007	16085.6115233381
SVK	2006	13159.7594413964
SVK	2005	11685.7548224391
SVK	2004	10671.8218610632
SVK	2003	8712.69879312059
SVK	2002	6533.55321303732
SVK	2001	5717.21708969017
SVK	2000	5413.15062068807
SVK	1999	5643.6751092567
SVK	1998	5538.61646477184
SVK	1997	5146.67107827084
SVK	1996	5196.94037965932
SVK	1995	4819.12555470987
SVK	1994	3771.35942702068
SVK	1993	3102.29679279586
SVK	1992	2920.91756673063
SVK	1991	2691.19560564077
SVK	1990	2405.53513644795
SVK	1989	NA
SVK	1988	NA
SVK	1987	NA
SVK	1986	NA
SVK	1985	NA
SVK	1984	NA
SVK	1983	NA
SVK	1982	NA
SVK	1981	NA
SVK	1980	NA
SVK	1979	NA
SVK	1978	NA
SVK	1977	NA
SVK	1976	NA
